"Campaign ID","State","Signal Category","Search Query","Source URL","Page Title","Snippet","Verification Status","Signal Type","Signal Summary","Signal Date","Organization","Crawl Priority","Recommended Scraper","Confidence Score","Connected URLs","Page Content","Signal Analysis","Promote to Verified","14b2e15c-75a3-48b5-9506-a47a21a14bbe","Classification","Publication Date","Score"
"ca-retirement-signals","California","retirement_announcement","""retiring after"" years California school district 2025 OR 2026","https://www.kvue.com/article/news/local/san-marcos-consolidated-isd-superintendent-retiring-announcement/269-cd9d2abf-fed1-47f7-ba5b-38942ed9ad25","San Marcos CISD superintendent retiring after decade with ...","San Marcos CISD superintendent retiring after decade with district ... Michael Cardona said he plans to complete his time with the school district in September.","verified_signal","retirement_announcement","Michael Cardona, Superintendent of San Marcos Consolidated ISD in Texas (note: source is Texas, not California), has announced his retirement, with plans to complete his time with the district in September 2026.","2026-07-20","San Marcos Consolidated ISD","90","static_html_scraper","10","","![x](https://www.kvue.com/assets/shared-images/icons/close-menu.svg)  [Skip Navigation](https://www.kvue.com/article/news/local/san-marcos-consolidated-isd-superintendent-retiring-announcement/269-cd9d2abf-fed1-47f7-ba5b-38942ed9ad25#main)  - Share on Facebook - Share on SMS - Share on Email  [![KVUE Home](https://www.kvue.com/assets/shared-images/logos/kvue.png)](https://www.kvue.com/)  ## Navigation  - [News](https://www.kvue.com/news)         - [Back](https://www.kvue.com/article/news/local/san-marcos-consolidated-isd-superintendent-retiring-announcement/269-cd9d2abf-fed1-47f7-ba5b-38942ed9ad25#)    - [Local](https://www.kvue.com/local)   - [ATXtoday](https://6am.city/atxnav)   - [Near Me](https://www.kvue.com/near-me)   - [Health](https://www.kvue.com/health)   - [Nation World](https://www.kvue.com/nation-world)   - [Defenders](https://www.kvue.com/defenders)   - [Life](https://www.kvue.com/life)   - [Entertainment](https://www.kvue.com/entertainment)   - [Money](https://www.kvue.com/money)   - [Politics](https://www.kvue.com/politics)   - [Community](https://www.kvue.com/community)   - [Features](https://www.kvue.com/features)  Latest News Stories    - [![](https://media.kvue.com/assets/KVUE/images/c222c37a-fd41-45e5-87c4-d44991e6616d/20260421T174223/c222c37a-fd41-45e5-87c4-d44991e6616d_360x203.jpg)](https://www.kvue.com/article/news/local/drowning-rockdale-milam-county-texas/269-baad39ff-d3d0-401b-adda-17e70813d4ae)          #### [Drowning near Rockdale under investigation](https://www.kvue.com/article/news/local/drowning-rockdale-milam-county-texas/269-baad39ff-d3d0-401b-adda-17e70813d4ae)    - [![](https://media.kvue.com/assets/KVUE/images/ebc9be51-69d2-4edb-8819-d2609adfc658/ebc9be51-69d2-4edb-8819-d2609adfc658_360x203.jpg)](https://www.kvue.com/article/news/education/schools/cedar-ridge-high-school-30-million-upgrades-round-rock-isd-texas/269-676c4052-a210-4e23-aa3d-fc0f519c558c)          #### [Round Rock's Cedar Ridge High School to undergo $30M additions](https://www.kvue.com/article/news/education/schools/cedar-ridge-high-school-30-million-upgrades-round-rock-isd-texas/269-676c4052-a210-4e23-aa3d-fc0f519c558c)   - [Weather](https://www.kvue.com/weather/)         - [Back](https://www.kvue.com/article/news/local/san-marcos-consolidated-isd-superintendent-retiring-announcement/269-cd9d2abf-fed1-47f7-ba5b-38942ed9ad25#)    - [Forecast](https://www.kvue.com/forecast)   - [Radar](https://www.kvue.com/radar)   - [7-Day](https://www.kvue.com/10-day)   - [Hourly](https://www.kvue.com/hourly)   - [Maps](https://www.kvue.com/weather-maps)   - [Closing & Delays](https://www.kvue.com/closings)   - [Traffic](https://www.kvue.com/traffic)   - [Weathercams](https://www.kvue.com/weathercams)   - [Blogs](https://www.kvue.com/weatherblogs)   - [Allergy](https://www.kvue.com/allergy)  Latest Weather Stories    - [![](https://media.kvue.com/assets/KVUE/images/0032fc52-129e-4ea8-9d2a-b2dac9a9c2b5/20260720T163111/0032fc52-129e-4ea8-9d2a-b2dac9a9c2b5_360x203.jpg)](https://www.kvue.com/article/weather/forecast/austin-weather-central-texas-forecast/269-43840919)          #### [Forecast: Tropical Depression Two Headlines a Hot Week Across Central Texas](https://www.kvue.com/article/weather/forecast/austin-weather-central-texas-forecast/269-43840919)    - [![](https://media.kvue.com/assets/KVUE/images/29d3cafe-92f0-4208-b7e0-d30187e2570a/29d3cafe-92f0-4208-b7e0-d30187e2570a_360x203.png)](https://www.kvue.com/article/weather/allergy-forecast/allergy-report-austin-allergies/269-44055429)          #### [Today's Allergy Report](https://www.kvue.com/article/weather/allergy-forecast/allergy-report-austin-allergies/269-44055429)   - [Sports](https://www.kvue.com/sports)         - [Back](https://www.kvue.com/article/news/local/san-marcos-consolidated-isd-superintendent-retiring-announcement/269-cd9d2abf-fed1-47f7-ba5b-38942ed9ad25#)    - [High School Sports](https://www.kvue.com/hss)   - [Austin FC](https://www.kvue.com/austinfc)   - [University of Texas Longhorns](https://www.kvue.com/longhorns)   - [Locked On Podcast Network](https://lockedonpodcasts.com/)  Latest Stories    - [![](https://media.kvue.com/assets/KVUE/images/3481a8b0-0396-4427-84c3-8a7c1b961ba4/20260719T225800/3481a8b0-0396-4427-84c3-8a7c1b961ba4_360x203.jpg)](https://www.kvue.com/article/sports/local-sports/texas-high-school-wrestler-dallas-reynolds-unlikely-path-sumo-world-championships/269-4259a9f2-5e99-4593-9959-3072b9b9b700)          #### [Dallas Reynolds' unlikely path to the Sumo World Championships](https://www.kvue.com/article/sports/local-sports/texas-high-school-wrestler-dallas-reynolds-unlikely-path-sumo-world-championships/269-4259a9f2-5e99-4593-9959-3072b9b9b700)    - [![](https://media.kvue.com/assets/WFAA/images/d8e12c9d-57eb-40a2-b2a4-b6197b4a7c91/d8e12c9d-57eb-40a2-b2a4-b6197b4a7c91_360x203.jpg)](https://www.kvue.com/article/sports/nba/new-dallas-mavericks-head-coach-dusty-may-aims-lead-team-with-blend-youth-veteran-prowess/287-8f7f9e87-6545-462","{""employer"":""San Marcos Consolidated Independent School District"",""url_type"":""news_article"",""job_title"":""Superintendent"",""person_name"":""Michael Cardona"",""signal_date"":""2026-07-20"",""signal_type"":""retirement_announcement"",""total_score"":90,""organization"":""San Marcos Consolidated ISD"",""score_timing"":20,""score_recency"":15,""classification"":""Hot"",""crawl_priority"":90,""score_identity"":10,""signal_summary"":""Michael Cardona, Superintendent of San Marcos Consolidated ISD in Texas (note: source is Texas, not California), has announced his retirement, with plans to complete his time with the district in September 2026."",""source_excerpt"":""San Marcos CISD superintendent retiring after decade with district ... Michael Cardona said he plans to complete his time with the school district in September."",""confidence_score"":10,""publication_date"":""2026-07-20"",""score_reliability"":8,""recommended_scraper"":""static_html_scraper"",""score_direct_intent"":30,""verification_status"":""verified_signal"",""score_contact_potential"":7}","","fe8d897a-ef38-46df-b854-e999e03ff4e9","Hot","2026-07-20","90"
"ca-retirement-signals","California","retirement_announcement","""will retire"" OR ""retiring this year"" California principal OR superintendent OR administrator","https://www.facebook.com/CASchoolNews/posts/fontana-unified-school-district-superintendent-inbody-announces-retirement-refle/1616504713817277/","California school superintendent announces retirement","At the November 8 board meeting, Superintendent Dr. Stan Rose announced that he will retire at the end of the school year in June 2019. His letter to the Santa ...","","","","","","","","","","","","","1b0d04ef-3fe4-4dd8-9e69-8bed41ca738b","","",""
"ca-retirement-signals","California","retirement_announcement","""retiring after"" years California school district 2025 OR 2026","https://www.facebook.com/WCSDK12/posts/this-evening-retiring-employees-of-the-williamsville-central-school-district-wer/1657982906335764/","Williamsville Central School District","This evening, retiring employees of the Williamsville Central School District were honored at the 2026 Retiree Celebration. This year's outgoing group ...","","","","","","","","","","","","","fe8d897a-ef38-46df-b854-e999e03ff4e9","","",""
"ca-retirement-signals","California","retirement_announcement","""will retire"" OR ""retiring this year"" California principal OR superintendent OR administrator","https://www.timesreporter.com/story/news/education/2026/07/08/indian-valley-high-school-principal-robert-clarke-retires-after-34-year-education-career/90818748007/","Robert Clarke retiring from Indian Valley High School","Indian Valley High School Principal Robert Clarke will retire at the end of July after a 34-year career in public education, including 13 years leading the ...","","","","","","","","","","","","","1b0d04ef-3fe4-4dd8-9e69-8bed41ca738b","","",""
"ca-retirement-signals","California","retirement_announcement","""will retire"" OR ""retiring this year"" California principal OR superintendent OR administrator","https://www.facebook.com/KXANnews/posts/san-marcos-cisd-superintendent-dr-michael-cardona-announced-he-will-retire-at-th/1501517432016177/","San Marcos CISD Superintendent Dr. Michael Cardona ...","San Marcos CISD Superintendent Dr. Michael Cardona announced he will retire at the end of September, concluding a decade leading the district. https://www.kxan. ...","","","","","","","","","","","","","1b0d04ef-3fe4-4dd8-9e69-8bed41ca738b","","",""
"ca-retirement-signals","California","retirement_announcement","""retiring after"" years California school district 2025 OR 2026","https://www.facebook.com/fullertonsd/posts/-after-nearly-27-years-of-service-maintenance-team-member-raul-vargas-diaz-is-re/1816257359352931/","Fullerton School District","Principal retiring after 34 years in public education. Sylvia Sanchez Mejia ▻ Miller Metro Parent Involvement. 1y · Public · From our Principal Mrs. Deleon: As ...","","","","","","","","","","","","","fe8d897a-ef38-46df-b854-e999e03ff4e9","","",""
"ca-retirement-signals","California","retirement_announcement","""will retire"" OR ""retiring this year"" California principal OR superintendent OR administrator","https://www.kvue.com/article/news/education/schools/hays-cisd-superintendent-eric-wright-retiring/269-daf60026-75c7-4e04-a141-a268b0dc21d8","Hays CISD superintendent to retire after nearly 10 years ...","Eric Wright will retire as Hays CISD superintendent in February 2027 after more than nine years with the district. His tenure makes him the second-longest ...","","","","","","","","","","","","","1b0d04ef-3fe4-4dd8-9e69-8bed41ca738b","","",""
"ca-retirement-signals","California","retirement_announcement","""will retire"" OR ""retiring this year"" California principal OR superintendent OR administrator","https://www.midfloridanewspapers.com/clermont_sun/superintendent-kornegay-to-retire-at-end-of-school-year/article_0d5308e2-d1be-402d-9cc3-38449f18d9a0.html","Superintendent Kornegay to retire at end of school year","Diane Kornegay, the award-winning superintendent of Lake County Schools (LCS), has announced that she will retire at the end of the 2026-27 school year.","","","","","","","","","","","","","1b0d04ef-3fe4-4dd8-9e69-8bed41ca738b","","",""
"ca-retirement-signals","California","retirement_announcement","""retiring after"" years California school district 2025 OR 2026","https://www.instagram.com/reel/DalMnQgF0M_/","One chapter closes. Another begins. Before we kick off a new ...","MELISSA DENNEY COMMUNICATIONS ASSOCIATE - CCSD JENNIFER SWEARINGEN RETIRING AFTER YEARS OF SERVICE TO THE STUDENTS OF CCSD CHERYL PERRY RETIRING AFTER 40 YEARS ...","","","","","","","","","","","","","fe8d897a-ef38-46df-b854-e999e03ff4e9","","",""
"ca-retirement-signals","California","retirement_announcement","""will retire"" OR ""retiring this year"" California principal OR superintendent OR administrator","https://www.sj-r.com/picture-gallery/news/education/2026/06/25/see-photos-of-jennifer-gill-over-the-years-as-she-retires-from-springfield-school-district-186/90064398007/","Gill departs D186 after 12 years as superintendent. See ...","Gill recently announced she will retire at the end of her contact in 2026. Steven Spearie/The State Journal-Register.","","","","","","","","","","","","","1b0d04ef-3fe4-4dd8-9e69-8bed41ca738b","","",""
"ca-retirement-signals","California","retirement_announcement","""retiring after"" years California school district 2025 OR 2026","https://www.facebook.com/MountainDemocrat/posts/south-lake-tahoe-lake-tahoe-unified-school-district-honored-its-2026-retirees-du/1494187946061033/","Lake Tahoe Unified School District honored its 2026 ...","Retirees honored included CMS teacher Joanie Bankson (retiring after 32.5 years in the District), CMS/CHS Head Cook Jen Lervold (14 years in the District) ...","","","","","","","","","","","","","fe8d897a-ef38-46df-b854-e999e03ff4e9","","",""
"ca-retirement-signals","California","retirement_announcement","""retiring after"" years California school district 2025 OR 2026","https://www.tcpalm.com/story/opinion/editorials/2026/07/19/martin-county-school-board-recommendations-2026/90897816007/","Martin County School Board recommendations, 2026","In November 2008, Sara Wilcox, retiring after 14 years as the county's elected school superintendent, wrote a farewell column to the community. “You have ...","outdated","retirement_announcement","Content mentions a 2008 retirement of a school superintendent in a passing reference. The page is a 2026 school board endorsement editorial and does not contain a current, verifiable retirement announcement for SignalBase.","2008-11","Martin County School District","10","static_html_scraper","0","","[Treasure Coast](https://www.tcpalm.com/)  [Indian River](https://www.tcpalm.com/news/indian-river-county/) [Martin](https://www.tcpalm.com/news/martin-county/) [St. Lucie](https://www.tcpalm.com/news/st-lucie-county/) [Sports](https://www.tcpalm.com/sports/) [Real Estate](https://www.tcpalm.com/real-estate) [Advertise](https://advertising.usatoday.com/advertise-with-us/?cid=Web_LiQ_Network_AdvertiseWithUs_AdvertiseInquiry&publication=tcpalm_treasure_coast_newspapers&utm_source=local_publication&utm_medium=menu&utm_campaign=advertise_with_us) [Obits](https://www.tcpalm.com/obituaries) [eNewspaper](https://user.tcpalm.com/user/enewspaper) [Legals](https://www.tcpalm.com/public-notices)  [Search](https://www.tcpalm.com/search/ ""Search"")  [Weather in Fort Pierce: 78°F Mostly Sunny](https://www.tcpalm.com/weather/ ""Weather in Fort Pierce: 78°F Mostly Sunny"")[Subscribe](https://subscribe.tcpalm.com/rr/navsub?gps-source=CPTOPNAVBAR&itm_campaign=2026ENTJULBAU&itm_medium=ONSITE&success-url=https%3A%2F%2Fwww.tcpalm.com%2Fstory%2Fopinion%2Feditorials%2F2026%2F07%2F19%2Fmartin-county-school-board-recommendations-2026%2F90897816007%2F)  [Sign In](https://login.tcpalm.com/PTCN-GUP/authenticate/?success-url=https%3A%2F%2Fwww.tcpalm.com%2Fstory%2Fopinion%2Feditorials%2F2026%2F07%2F19%2Fmartin-county-school-board-recommendations-2026%2F90897816007%2F&cancel-url=https%3A%2F%2Fwww.tcpalm.com%2Fstory%2Fopinion%2Feditorials%2F2026%2F07%2F19%2Fmartin-county-school-board-recommendations-2026%2F90897816007%2F)  [Close](https://www.tcpalm.com/opinion/) [Close](https://www.tcpalm.com/opinion/)  [EDITORIALS](https://www.tcpalm.com/opinion/editorials/)  # Martin County School Board recommendations, 2026 \| Our View  ## Academic excellence across all schools should be the hallmark of the Martin County School District.  Editorial Board  Treasure Coast Newspapers  July 19, 2026, 5:01 a.m. ET  **Candidates:**  **DISTRICT 1:** Christia Li Roberts, 68, Stuart; Cherie White, 62, Jensen Beach; Chuck Winn, 76, Stuart.  **DISTRICT 3:** Jacqueline Clarke, 61, Indiantown; Jennifer Russell, 42, Hobe Sound.  **DISTRICT 4:** Tony Anderson, 69, Port Salerno; Milly Blanco, 49, and Amy Pritchett, 70, both of Stuart.  [Close](https://www.tcpalm.com/opinion/)  Already a subscriber? [Sign in](https://login.tcpalm.com/PTCN-GUP/authenticate/?itm_campaign=signin&itm_medium=ONSITE&itm_source=CPINLROADBLOCK&success-url=https%3A%2F%2Fwww.tcpalm.com%2Fstory%2Fopinion%2Feditorials%2F2026%2F07%2F19%2Fmartin-county-school-board-recommendations-2026%2F90897816007%2F&cancel-url=https%3A%2F%2Fwww.tcpalm.com%2Fstory%2Fopinion%2Feditorials%2F2026%2F07%2F19%2Fmartin-county-school-board-recommendations-2026%2F90897816007%2F)  Two ways to continue reading  Pay Annually  $149  SAVE 50% versus Monthly  [Subscribe](https://subscribe.tcpalm.com/checkout?offer=W-L5&offerId=1Y&promotionCode=W-L5&itm_campaign=2026ENTJULBAU&gps-source=CPINLROADBLOCK&itm_medium=onsite&itm_source=digital&itm_content=inlineSubCTA&itm_term=outmark&success-url=https%3A%2F%2Fwww.tcpalm.com%2Fstory%2Fopinion%2Feditorials%2F2026%2F07%2F19%2Fmartin-county-school-board-recommendations-2026%2F90897816007%2F)  Subscribers get  - **BEST DEAL** - Full access to tcpalm.com including articles, videos, and more - A subscription to share - Access to the eNewspaper  Show features  Monthly  $1  for the first month  [Subscribe](https://subscribe.tcpalm.com/checkout?offer=W-L5&offerId=1MS&promotionCode=W-L5&itm_campaign=2026ENTJULBAU&gps-source=CPINLROADBLOCK&itm_medium=onsite&itm_source=digital&itm_content=inlineSubCTA&itm_term=outmark&success-url=https%3A%2F%2Fwww.tcpalm.com%2Fstory%2Fopinion%2Feditorials%2F2026%2F07%2F19%2Fmartin-county-school-board-recommendations-2026%2F90897816007%2F)  Subscribers get  - Full access to tcpalm.com including articles, videos, and more - A subscription to share - Access to the eNewspaper  Show features  Interested in other subscriptions? [Learn more](https://subscribe.tcpalm.com/offers?gps-source=CPINLROADBLOCK&itm_medium=onsite&itm_source=digital&itm_content=inlinelearnmore&itm_campaign=2026ENTJULBAU&success-url=https%3A%2F%2Fwww.tcpalm.com%2Fstory%2Fopinion%2Feditorials%2F2026%2F07%2F19%2Fmartin-county-school-board-recommendations-2026%2F90897816007%2F)  [Help](https://help.tcpalm.com/) [Accessibility](https://cm.tcpalm.com/accessibility/) [Sitemap](https://www.tcpalm.com/sitemap/) [Terms of Service](https://cm.tcpalm.com/terms/) [Subscription Terms & Conditions](https://cm.tcpalm.com/about-your-subscription/) [Privacy Policy](https://cm.tcpalm.com/privacy/) [Our Ethical Principles](https://cm.tcpalm.com/ethical-conduct/) [Responsible Disclosure](https://www.gannett.com/responsible-disclosure-program/) [California Notice at Collection](https://cm.tcpalm.com/california-collection-notice/) [Do Not Sell or Share My Personal Information](https://cm.tcpalm.com/do-not-sell/) [Your Privacy Choices](https://cm.tcpalm.com/your-privacy-choices/)  © 2026 www.tcpalm.com. All rights reserved.","{""employer"":null,""url_type"":""news_article"",""job_title"":null,""person_name"":""Sara Wilcox"",""signal_date"":""2008-11"",""signal_type"":""retirement_announcement"",""organization"":""Martin County School District"",""crawl_priority"":10,""signal_summary"":""Content mentions a 2008 retirement of a school superintendent in a passing reference. The page is a 2026 school board endorsement editorial and does not contain a current, verifiable retirement announcement for SignalBase."",""source_excerpt"":""In November 2008, Sara Wilcox, retiring after 14 years as the county's elected school superintendent..."",""confidence_score"":0,""recommended_scraper"":""static_html_scraper"",""verification_status"":""outdated""}","","fe8d897a-ef38-46df-b854-e999e03ff4e9","","",""
"ca-retirement-signals","California","retirement_announcement","""retiring after"" years California school district 2025 OR 2026","https://www.instagram.com/p/DaBodarE31Z/?img_index=2","Tonight, IPS honored 4 retirees that have served the district ...","Today, we conclude our Class of 2026 retiree video series with Jill Ziegler, first-grade teacher at @d21_poe, who is retiring after 34 years of service to ...","","","","","","","","","","","","","fe8d897a-ef38-46df-b854-e999e03ff4e9","","",""
"ca-retirement-signals","California","retirement_announcement","""will retire"" OR ""retiring this year"" California principal OR superintendent OR administrator","https://www.ccleague.org/news/league-celebrates-2026-ceo-retirees/","League Celebrates 2026 CEO Retirees","Dr. Jeffrey will retire in December 2026. The League proudly recognizes the years of service and dedication these community college leaders have given to ...","","","","","","","","","","","","","1b0d04ef-3fe4-4dd8-9e69-8bed41ca738b","","",""
"ca-retirement-signals","California","retirement_announcement","""retiring after"" years California school district 2025 OR 2026","https://www.facebook.com/RTCreamEarlyChildhoodCenter/posts/our-2026-retirees-are-officially-out-we-are-wishing-ms-nahl-and-mr-bralow-all-th/1550047423576964/","Our 2026 retirees are officially out! We are wishing Ms. ...","Dannielle Dwyer, is retiring after 26 years of dedicated service to our students, families, and community. Her impact is immeasurable, and we know many of you ...","","","","","","","","","","","","","fe8d897a-ef38-46df-b854-e999e03ff4e9","","",""
"ca-retirement-signals","California","retirement_announcement","""retiring after"" years California school district 2025 OR 2026","https://www.instagram.com/reel/DaN91L3iGM3/","East Orange School District on Instagram: ""Congrats to our ...","Be like Mr. Gordon. Put students first every single day and it will never go wrong. OCR. Marvin Gordon Retiring after 50 Years Brandon DeRespiris Principal of ...","","","","","","","","","","","","","fe8d897a-ef38-46df-b854-e999e03ff4e9","","",""
"ca-retirement-signals","California","retirement_announcement","""will retire"" OR ""retiring this year"" California principal OR superintendent OR administrator","https://www.news-herald.com/2026/07/13/madison-schools-leaders-praise-retiring-assistant-superintendent/","Madison School District leaders praise retiring assistant ...","Madison Schools leaders have offered tributes to David Bull, who soon will retire as the district's assistant superintendent.","","","","","","","","","","","","","1b0d04ef-3fe4-4dd8-9e69-8bed41ca738b","","",""
"ca-retirement-signals","California","retirement_announcement","""retiring after"" years California school district 2025 OR 2026","https://caltax.org/news/","California Tax News - CalTax - Fighting For Business ...","... Retiring After 21 Years as State Auditor · Read More · state capitol. October 29, 2021. California's Revenue Is Nearly $14 Billion Above Forecast · Read More.","irrelevant","","No retirement signal found. Page is a general news index for a California tax advocacy organization.","","California Taxpayers Association (CalTax)","10","static_html_scraper","0","","[![CalTax](https://caltax.org/wp-content/uploads/2023/09/caltax-logo-opt.webp)](https://caltax.org/)  Search  [Members Home](https://caltax.org/members-home/ """")  - [Log In](https://caltax.org/login)  [![CalTax](https://caltax.org/wp-content/uploads/2023/09/caltax-logo-opt.webp)](https://caltax.org/)  - [Log In](https://caltax.org/login)  - [Members Home](https://caltax.org/members-home/)  [Menu](https://caltax.org/news/#)  - [About Us](https://caltax.org/about/)       - [Who We Are](https://caltax.org/about/#who-we-are)   - [Staff](https://caltax.org/about/#caltax-staff)   - [David R. Doerr Medal](https://caltax.org/about/the-david-r-doerr-medal/)   - [NTC](https://caltax.org/about/national-taxpayers-conference/)  - [Membership](https://caltax.org/membership/) - [Events](https://caltax.org/events/) - [News](https://caltax.org/news/#)       - [About the CalTaxletter](https://caltax.org/about-the-caltaxletter/)   - [News Releases](https://caltax.org/news-releases/)  - [Resources](https://caltax.org/resources/) - [Foundation](https://caltax.org/caltaxfoundation/) - [Contact](https://caltax.org/contact/)  # News  #### News  [![houses](https://caltax.org/wp-content/uploads/2022/05/houses.jpg)](https://caltax.org/2026/07/10/county-assessment-rolls-growing/ ""County Assessment Rolls Growing, Increasing Local Revenue While Proposition 13 Protects Property Owners"")  July 10, 2026  #### [County Assessment Rolls Growing, Increasing Local Revenue While Proposition 13 Protects Property Owners](https://caltax.org/2026/07/10/county-assessment-rolls-growing/ ""County Assessment Rolls Growing, Increasing Local Revenue While Proposition 13 Protects Property Owners"")  [Read More](https://caltax.org/2026/07/10/county-assessment-rolls-growing/ ""Read More"")  [![increasing cost](https://caltax.org/wp-content/uploads/2019/08/increasing-cost.jpg)](https://caltax.org/2026/06/26/tax-revenue-continues-to-come-in-ahead-of-budget-projections/ ""Tax Revenue Continues to Come in Ahead of Budget Projections"")  June 26, 2026  #### [Tax Revenue Continues to Come in Ahead of Budget Projections](https://caltax.org/2026/06/26/tax-revenue-continues-to-come-in-ahead-of-budget-projections/ ""Tax Revenue Continues to Come in Ahead of Budget Projections"")  [Read More](https://caltax.org/2026/06/26/tax-revenue-continues-to-come-in-ahead-of-budget-projections/ ""Read More"")  [![OTA Official Logo](https://caltax.org/wp-content/uploads/2025/02/OTA-Official-Logo2-e1761337466156.png)](https://caltax.org/2026/06/18/new-office-of-tax-appeals-opinions-include-taxpayers-precedential-win-in-appeal-over-commercial-domicile/ ""New Office of Tax Appeals Opinions Include Taxpayer’s Precedential Win in Appeal Over Commercial Domicile"")  June 18, 2026  #### [New Office of Tax Appeals Opinions Include Taxpayer’s Precedential Win in Appeal Over Commercial Domicile](https://caltax.org/2026/06/18/new-office-of-tax-appeals-opinions-include-taxpayers-precedential-win-in-appeal-over-commercial-domicile/ ""New Office of Tax Appeals Opinions Include Taxpayer’s Precedential Win in Appeal Over Commercial Domicile"")  [Read More](https://caltax.org/2026/06/18/new-office-of-tax-appeals-opinions-include-taxpayers-precedential-win-in-appeal-over-commercial-domicile/ ""Read More"")  [![ballot box slider 1](https://caltax.org/wp-content/uploads/2020/01/ballot-box-slider-1.jpg)](https://caltax.org/2026/06/12/approval-rate-of-local-tax-measures-lower-than-usual/ ""Approval Rate of Local Tax Measures Lower Than Usual"")  June 12, 2026  #### [Approval Rate of Local Tax Measures Lower Than Usual](https://caltax.org/2026/06/12/approval-rate-of-local-tax-measures-lower-than-usual/ ""Approval Rate of Local Tax Measures Lower Than Usual"")  [Read More](https://caltax.org/2026/06/12/approval-rate-of-local-tax-measures-lower-than-usual/ ""Read More"")  [![Increasing Tax Coin Graph](https://caltax.org/wp-content/uploads/2020/07/Increasing-Tax-Coin-Graph.jpg)](https://caltax.org/2026/05/29/ui-fund-debt-projected-to-reach-22-billion-by-the-end-of-the-year/ ""UI Fund Debt Projected to Reach $22 Billion by the End of the Year"")  May 29, 2026  #### [UI Fund Debt Projected to Reach $22 Billion by the End of the Year](https://caltax.org/2026/05/29/ui-fund-debt-projected-to-reach-22-billion-by-the-end-of-the-year/ ""UI Fund Debt Projected to Reach $22 Billion by the End of the Year"")  [Read More](https://caltax.org/2026/05/29/ui-fund-debt-projected-to-reach-22-billion-by-the-end-of-the-year/ ""Read More"")  [![GasPrices](https://caltax.org/wp-content/uploads/2022/03/GasPrices.jpg)](https://caltax.org/2026/05/22/state-charge-on-petroleum-production-increasing-july-1/ ""State Charge on Petroleum Production Increasing July 1"")  May 22, 2026  #### [State Charge on Petroleum Production Increasing July 1](https://caltax.org/2026/05/22/state-charge-on-petroleum-production-increasing-july-1/ ""State Charge on Petroleum Production Increasing July 1"")  [Read More](https://caltax.org/2026/05/22/state-charge-on-petroleum-production-in","{""employer"":null,""url_type"":""news_article"",""job_title"":null,""person_name"":null,""signal_date"":null,""signal_type"":null,""organization"":""California Taxpayers Association (CalTax)"",""crawl_priority"":10,""signal_summary"":""No retirement signal found. Page is a general news index for a California tax advocacy organization."",""source_excerpt"":""Page title: California Tax News - CalTax - Fighting For Business ... Search snippet mentions 'Retiring After 21 Years as State Auditor' but the linked content is not present on this page; only generic tax news headlines are shown."",""confidence_score"":0,""recommended_scraper"":""static_html_scraper"",""verification_status"":""irrelevant""}","","fe8d897a-ef38-46df-b854-e999e03ff4e9","","",""
"ca-retirement-signals","California","retirement_announcement","""will retire"" OR ""retiring this year"" California principal OR superintendent OR administrator","https://www.sbsun.com/2026/07/02/fontana-unified-superintendent-will-retire-in-december/","Fontana Unified superintendent will retire in December","After three years in the role, Fontana Unified School District Superintendent Miki R. Inbody announced this week, she will retire at the end of the year.","","","","","","","","","","","","","1b0d04ef-3fe4-4dd8-9e69-8bed41ca738b","","",""
